brand,series,outdoor_model,indoor_model,cooling_capacity_btu_h,seer2_btu_wh,eer2_btu_wh,hspf2_btu_wh,energy_star_pd_id,dataset_record_url,single_zone_source_url
Daikin,OTERRA,RXF09AXVJU,FTXF09AXVJU,9000,21.00,12.50,10.20,3361212,https://data.energystar.gov/resource/akti-mt5s.json?pd_id=3361212,https://daikincomfort.com/products/heating-cooling/single-split-ductless/heat-pumps/wall-mount-daikin-oterra-heat-pump
Daikin,OTERRA,RXF09BVJU*,FTXF09BVJU*,9000,21.00,12.50,10.20,3893643,https://data.energystar.gov/resource/akti-mt5s.json?pd_id=3893643,https://daikincomfort.com/products/heating-cooling/single-split-ductless/heat-pumps/wall-mount-daikin-oterra-heat-pump
Daikin,OTERRA,RXF12AXVJU,FTXF12AXVJU,12000,21.00,12.50,10.20,3361209,https://data.energystar.gov/resource/akti-mt5s.json?pd_id=3361209,https://daikincomfort.com/products/heating-cooling/single-split-ductless/heat-pumps/wall-mount-daikin-oterra-heat-pump
Daikin,OTERRA,RXF12BVJU*,FTXF12BVJU*,12000,21.00,12.50,10.20,3893644,https://data.energystar.gov/resource/akti-mt5s.json?pd_id=3893644,https://daikincomfort.com/products/heating-cooling/single-split-ductless/heat-pumps/wall-mount-daikin-oterra-heat-pump
Daikin,OTERRA,RXF18BVJU*,FTXF18BVJU*,18000,21.00,12.00,9.60,3998710,https://data.energystar.gov/resource/akti-mt5s.json?pd_id=3998710,https://daikincomfort.com/products/heating-cooling/single-split-ductless/heat-pumps/wall-mount-daikin-oterra-heat-pump
Daikin,OTERRA,RXF18AXVJU,FTXF18AXVJU,18100,21.00,12.00,9.60,3361210,https://data.energystar.gov/resource/akti-mt5s.json?pd_id=3361210,https://daikincomfort.com/products/heating-cooling/single-split-ductless/heat-pumps/wall-mount-daikin-oterra-heat-pump
Daikin,OTERRA,RXF24AXVJU,FTXF24AXVJU,22400,21.00,12.00,9.10,3361211,https://data.energystar.gov/resource/akti-mt5s.json?pd_id=3361211,https://daikincomfort.com/products/heating-cooling/single-split-ductless/heat-pumps/wall-mount-daikin-oterra-heat-pump
Daikin,OTERRA,RXF24BVJU*,FTXF24BVJU*,22400,21.00,12.00,9.50,3998711,https://data.energystar.gov/resource/akti-mt5s.json?pd_id=3998711,https://daikincomfort.com/products/heating-cooling/single-split-ductless/heat-pumps/wall-mount-daikin-oterra-heat-pump
MRCOOL,DIY Series,DIY-09-HP-C-115D25-O,DIY-09-HP-WMAH-115D25-O,9000,23.60,14.00,11.50,3798933,https://data.energystar.gov/resource/akti-mt5s.json?pd_id=3798933,https://doxrepo.mrcool.com/mc-diy-5-br-en-01.pdf
MRCOOL,DIY Series,DIY-12-HP-C-115D25-O,DIY-12-HP-WMAH-115D25-O,12000,23.50,12.50,10.20,3798934,https://data.energystar.gov/resource/akti-mt5s.json?pd_id=3798934,https://doxrepo.mrcool.com/mc-diy-5-br-en-01.pdf
MRCOOL,DIY Series,DIY-18-HP-C-230D25-O,DIY-18-HP-WMAH-230D25-O,18000,22.50,13.70,11.50,3798935,https://data.energystar.gov/resource/akti-mt5s.json?pd_id=3798935,https://doxrepo.mrcool.com/mc-diy-5-br-en-01.pdf
MRCOOL,DIY Series,DIY-24-HP-C-230D25-O,DIY-24-HP-WMAH-230D25-O,24000,22.70,12.70,9.50,3798937,https://data.energystar.gov/resource/akti-mt5s.json?pd_id=3798937,https://doxrepo.mrcool.com/mc-diy-5-br-en-01.pdf
Mitsubishi Electric,M-Series,MUZ-FS06NA***,MSZ-FS06NA***,6000,32.20,19.05,11.90,2507901,https://data.energystar.gov/resource/akti-mt5s.json?pd_id=2507901,https://www.mitsubishicomfort.com/products/m-series/muz-fs
Mitsubishi Electric,M-Series,MUZ-FS09NA***,MSZ-FS09NA***,9000,29.80,16.05,10.90,2507894,https://data.energystar.gov/resource/akti-mt5s.json?pd_id=2507894,https://www.mitsubishicomfort.com/products/m-series/muz-fs
Mitsubishi Electric,M-Series,MUZ-FS12NA***,MSZ-FS12NA***,12000,26.30,13.80,11.10,2507895,https://data.energystar.gov/resource/akti-mt5s.json?pd_id=2507895,https://www.mitsubishicomfort.com/products/m-series/muz-fs
Mitsubishi Electric,M-Series,MUZ-FS15NA***,MSZ-FS15NA***,14000,22.30,14.00,10.40,2507897,https://data.energystar.gov/resource/akti-mt5s.json?pd_id=2507897,https://www.mitsubishicomfort.com/products/m-series/muz-fs
Mitsubishi Electric,M-Series,MUZ-FS18NA***,MSZ-FS18NA***,17200,21.00,12.50,10.70,2507899,https://data.energystar.gov/resource/akti-mt5s.json?pd_id=2507899,https://www.mitsubishicomfort.com/products/m-series/muz-fs
